{
  "$id": "https://covid19.admin.ch",
  "$schema": "http://json-schema.org/draft-07/schema#",
  "title" : "COVID-19 Dashboard Source Data",
  "definitions": {
    "ContactTracingDataType": {
      "description": "COVID19CT_Entry - Additionally in quarantine: People who have entered Switzerland from high-risk countries\n\nCOVID19CT_Qua - In quarantine: People who have had contact with infected people\n\nCOVID19CT_Iso - In isolation: People who have tested positive for the coronavirus\n\nCOVID19CT_reporting_cantons - Number of cantons providing data.",
      "enum": [
        "COVID19CT_Entry",
        "COVID19CT_Iso",
        "COVID19CT_Qua",
        "COVID19CT_reporting_cantons"
      ],
      "title": "ContactTracingDataType",
      "type": "string"
    },
    "ContactTracingIncomingData": {
      "description": "Contact Tracing Data.\n\nNo timeline data, only the current values per geoRegion.",
      "properties": {
        "date_unit": {
          "enum": [
            "day"
          ],
          "title": "date_unit",
          "type": "string"
        },
        "datum": {
          "description": "Date of the most recent collected data.\n\nFormatted as ISO-Date 2020-10-12",
          "title": "datum",
          "type": "string"
        },
        "entries": {
          "description": "Absolute value of occurrences.",
          "title": "entries",
          "type": "number"
        },
        "geoRegion": {
          "$ref": "https://covid19.admin.ch#/definitions/GeoUnit",
          "title": "geoRegion"
        },
        "type": {
          "$ref": "https://covid19.admin.ch#/definitions/ContactTracingDataType",
          "title": "type"
        },
        "version": {
          "description": "Timestamp of data processing.\n\nformat YYYY-MM-DD_HH-mm-SS",
          "title": "version",
          "type": "string"
        }
      },
      "title": "ContactTracingIncomingData",
      "type": "object"
    },
    "DailyIncomingData": {
      "description": "DailyIncomingData",
      "properties": {
        "anteil_pos_14": {
          "description": "Average percentage of positive tests for the latest 14 days. Only applies to records with type \"COVID19Test\"",
          "maximum": 100,
          "minimum": 0,
          "title": "anteil_pos_14",
          "type": "number"
        },
        "anteil_pos_28": {
          "description": "Average percentage of positive tests for the latest 28 days. Only applies to records with type \"COVID19Test\"",
          "maximum": 100,
          "minimum": 0,
          "title": "anteil_pos_28",
          "type": "number"
        },
        "anteil_pos_all": {
          "description": "Average percentage of positive tests since the start of data recording. Only applies to records with type \"COVID19Test\"",
          "maximum": 100,
          "minimum": 0,
          "title": "anteil_pos_all",
          "type": "number"
        },
        "anteil_pos_phase2": {
          "description": "Average percentage of positive tests for the phase 2 timeframe. Only applies to records with type \"COVID19Test\"",
          "maximum": 100,
          "minimum": 0,
          "title": "anteil_pos_phase2",
          "type": "number"
        },
        "datum": {
          "description": "Date of case for cases, date of hospital entry for hospitalisations and the date of death for deaths.\nThe date of case is constructed taking the earliest available of:\nthe date of swab, the date of test, and the date the report arrived at the FOPH.\nGenerally, the date of case corresponds to the date the swab was taken.\n\nFormatted as ISO-Date 2020-10-12",
          "title": "datum",
          "type": "string"
        },
        "entries": {
          "description": "Absolute number of occurrences for this day.",
          "title": "entries",
          "type": "number"
        },
        "entries_diff_last": {
          "description": "Total difference of occurrences betweens the current and previously published data version.\n\nIs the same for every daily record of the same geoRegion.",
          "title": "entries_diff_last",
          "type": "number"
        },
        "entries_diff_last_age": {
          "description": "Number of days since the previous data version had been published.\n\nOn mondays this will typically be 3, on all other days 1.",
          "title": "entries_diff_last_age",
          "type": "number"
        },
        "entries_letzter_stand": {
          "description": "Absolute number of rnces for this day as reported by the previous published data version.",
          "title": "entries_letzter_stand",
          "type": "number"
        },
        "entries_neu_gemeldet": {
          "description": "Newly reported occurrences of the current data version (entries - entries_letzter_stand) for this day.",
          "title": "entries_neu_gemeldet",
          "type": "number"
        },
        "geoRegion": {
          "$ref": "https://covid19.admin.ch#/definitions/GeoUnit",
          "title": "geoRegion"
        },
        "inz_entries": {
          "description": "Incidence value for this day.",
          "title": "inz_entries",
          "type": "number"
        },
        "inzdelta7d": {
          "description": "Difference between the \"inz_entries\" value of this record compared to the value 7 days before.",
          "title": "inzdelta7d",
          "type": "number"
        },
        "inzmean7d": {
          "description": "Rolling 7 day average (-3 days/ +3 days from the current day) of the \"inz_entries\" values.",
          "title": "inzmean7d",
          "type": "number"
        },
        "inzsum14d": {
          "description": "Sum of the \"inz_entries\" values for the last 14 days (rolling).",
          "title": "inzsum14d",
          "type": "number"
        },
        "inzsum7d": {
          "description": "Sum of the \"inz_entries\" values for the last 7 days (rolling).",
          "title": "inzsum7d",
          "type": "number"
        },
        "inzsumTotal": {
          "description": "Sum of the \"inz_entries\" values since the start of data recording.",
          "title": "inzsumTotal",
          "type": "number"
        },
        "inzsumTotal_Phase2": {
          "description": "Sum of the \"inz_entries\" values since the beginning of the phase 2 timeframe.\n\nStarts at 0 for the first day of the timeframe. Only available on records marked as belonging to the timeframe (timeframe_phase2=true).",
          "title": "inzsumTotal_Phase2",
          "type": "number"
        },
        "inzsumTotal_last14d": {
          "description": "Sum of the \"inz_entries\" values since the beginning of the latest 14 days timeframe.\n\nStarts at 0 for the first day of the timeframe. Only available on records marked as belonging to the timeframe (timeframe_14d=true).",
          "title": "inzsumTotal_last14d",
          "type": "number"
        },
        "inzsumTotal_last28d": {
          "description": "Sum of the \"inz_entries\" values since the beginning of the latest 28 days timeframe.\n\nStarts at 0 for the first day of the timeframe. Only available on records marked as belonging to the timeframe (timeframe_28d=true).",
          "title": "inzsumTotal_last28d",
          "type": "number"
        },
        "inzsumTotal_last7d": {
          "description": "Sum of the \"inz_entries\" values since the beginning of the latest 7 days timeframe.\n\nStarts at 0 for the first day of the timeframe. Only available on records marked as belonging to the timeframe (timeframe_7d=true).",
          "title": "inzsumTotal_last7d",
          "type": "number"
        },
        "mean7d": {
          "description": "Rolling 7 day average (-3 days/ +3 days from the current day) of the \"entries\" values.",
          "title": "mean7d",
          "type": "number"
        },
        "nachweismethode": {
          "description": "Test type used. Only applies to records with type \"Covid19Test\".",
          "enum": [
            "all"
          ],
          "title": "nachweismethode",
          "type": "string"
        },
        "offset_Phase2": {
          "description": "Sum of the \"entries\" values up until the start of the phase 2 timeframe.",
          "title": "offset_Phase2",
          "type": "number"
        },
        "offset_last14d": {
          "description": "Sum of the \"entries\" values up until the start of the latest 14 day timeframe.",
          "title": "offset_last14d",
          "type": "number"
        },
        "offset_last28d": {
          "description": "Sum of the \"entries\" values up until the start of the latest 28 day timeframe.",
          "title": "offset_last28d",
          "type": "number"
        },
        "offset_last7d": {
          "description": "Sum of the \"entries\" values up until the start of the latest 7 day timeframe.",
          "title": "offset_last7d",
          "type": "number"
        },
        "pop": {
          "description": "Population number for the given geoRegion.",
          "title": "pop",
          "type": "number"
        },
        "pos_anteil": {
          "description": "Percentage of positive tests. Only applies to records with type \"COVID19Test\"",
          "maximum": 100,
          "minimum": 0,
          "title": "pos_anteil",
          "type": "number"
        },
        "pos_anteil_mean7d": {
          "description": "Rolling 7 day average (-3 days/ +3 days from the current day) of the \"pos_anteil\" values.",
          "title": "pos_anteil_mean7d",
          "type": "number"
        },
        "sum14d": {
          "description": "Sum of the \"entries\" values for the last 14 days (rolling).",
          "title": "sum14d",
          "type": "number"
        },
        "sum7d": {
          "description": "Sum of the \"entries\" values for the last 7 days (rolling).",
          "title": "sum7d",
          "type": "number"
        },
        "sumTotal": {
          "description": "Sum of the \"entries\" values since the start of data recording.",
          "title": "sumTotal",
          "type": "number"
        },
        "sumTotal_Phase2": {
          "description": "Sum of the \"entries\" values since the beginning of the phase 2 timeframe.\n\nStarts at 0 for the first day of the timeframe. Only available on records marked as belonging to the timeframe (timeframe_phase2=true).",
          "title": "sumTotal_Phase2",
          "type": "number"
        },
        "sumTotal_last14d": {
          "description": "Sum of the \"entries\" values since the beginning of the latest 14 days timeframe.\n\nStarts at 0 for the first day of the timeframe. Only available on records marked as belonging to the timeframe (timeframe_14d=true).",
          "title": "sumTotal_last14d",
          "type": "number"
        },
        "sumTotal_last28d": {
          "description": "Sum of the \"entries\" values since the beginning of the latest 28 days timeframe.\n\nStarts at 0 for the first day of the timeframe. Only available on records marked as belonging to the timeframe (timeframe_28d=true).",
          "title": "sumTotal_last28d",
          "type": "number"
        },
        "sumTotal_last7d": {
          "description": "Sum of the \"entries\" values since the beginning of the latest 7 days timeframe.\n\nStarts at 0 for the first day of the timeframe. Only available on records marked as belonging to the timeframe (timeframe_7d=true).",
          "title": "sumTotal_last7d",
          "type": "number"
        },
        "sumdelta7d": {
          "description": "Difference between the \"entries\" value of this record compared to the value 7 days before.",
          "title": "sumdelta7d",
          "type": "number"
        },
        "timeframe_14d": {
          "description": "Indicator if the record belongs to the latest 14 days timeframe. Current day is usually excluded.",
          "title": "timeframe_14d",
          "type": "boolean"
        },
        "timeframe_28d": {
          "description": "Indicator if the record belongs to the latest 28 days timeframe. Current day is usually excluded.",
          "title": "timeframe_28d",
          "type": "boolean"
        },
        "timeframe_7d": {
          "description": "Indicator if the record belongs to the latest 7 days timeframe. Current day is usually excluded.",
          "title": "timeframe_7d",
          "type": "boolean"
        },
        "timeframe_all": {
          "description": "Indicator if the record belongs to the timeframe for all available data. Starts at 24.02.2020 (Iso-Week 2020-09)",
          "title": "timeframe_all",
          "type": "boolean"
        },
        "timeframe_phase2": {
          "description": "Indicator if the record belongs to the phase 2 timeframe. Starts at 08.06.2020 (Iso-Week 2020-24)",
          "title": "timeframe_phase2",
          "type": "boolean"
        },
        "type": {
          "$ref": "https://covid19.admin.ch#/definitions/IncomingDataType",
          "title": "type"
        },
        "version": {
          "description": "Timestamp of data processing.\n\nformat YYYY-MM-DD_HH-mm-SS",
          "title": "version",
          "type": "string"
        }
      },
      "title": "DailyIncomingData",
      "type": "object"
    },
    "DailyReportIncomingData": {
      "description": "Optional extra text for the daily report.",
      "properties": {
        "content.de": {
          "description": "Text german.",
          "title": "content.de",
          "type": "string"
        },
        "content.en": {
          "description": "Text english",
          "title": "content.en",
          "type": "string"
        },
        "content.fr": {
          "description": "Text french.",
          "title": "content.fr",
          "type": "string"
        },
        "content.it": {
          "description": "Text italian.",
          "title": "content.it",
          "type": "string"
        },
        "content.rm": {
          "description": "Text romansh.",
          "title": "content.rm",
          "type": "string"
        },
        "type": {
          "enum": [
            "COVID19EvalTextDaily"
          ],
          "title": "type",
          "type": "string"
        },
        "version": {
          "description": "Timestamp of data processing.\n\nformat YYYY-MM-DD_HH-mm-SS",
          "title": "version",
          "type": "string"
        }
      },
      "title": "DailyReportIncomingData",
      "type": "object"
    },
    "GeoUnit": {
      "description": "Geographical unit of the data records.\n\nMay be either one of the top level Units CHFL, CH or FL for aggregated record sets or the canton of residence when available or the administrative canton i.e. the canton in which the case was diagnosed (if the place of residence is unknown or if the patient lives abroad).",
      "enum": [
        "AG",
        "AI",
        "AR",
        "BE",
        "BL",
        "BS",
        "CH",
        "CHFL",
        "FL",
        "FR",
        "GE",
        "GL",
        "GR",
        "JU",
        "LU",
        "NE",
        "NW",
        "OW",
        "SG",
        "SH",
        "SO",
        "SZ",
        "TG",
        "TI",
        "UR",
        "VD",
        "VS",
        "ZG",
        "ZH"
      ],
      "title": "GeoUnit",
      "type": "string"
    },
    "IncomingAgeRange": {
      "description": "Age range brackets (10 year steps) used for data breakdown by age.",
      "enum": [
        "0 - 9",
        "10 - 19",
        "20 - 29",
        "30 - 39",
        "40 - 49",
        "50 - 59",
        "60 - 69",
        "70 - 79",
        "80+"
      ],
      "title": "IncomingAgeRange",
      "type": "string"
    },
    "IncomingDataType": {
      "description": "COVID19Cases - Refers to persons that have at least one positive PCR/Antigen result for COVID-19. The number of cases differs from the number of new declarations announced daily due to the reporting delay.\n\nCOVID19Death - Refers to persons that have at least one positive PCR/Antigen result for COVID-19 for which we have received a declaration of death.\n\nCOVID19Hosp - Refers to persons that have at least one positive PCR result for COVID-19 for which we have received a clinical declaration stating that the person was hospitalized (at least one night stay). Hospitalizations without date of hospital entry will not occur in this table.\n\nCOVID19Test - Refers to PCR/Antigen tests for COVID-19 with a positive or a negative result.",
      "enum": [
        "COVID19Cases",
        "COVID19Death",
        "COVID19Hosp",
        "COVID19Test"
      ],
      "title": "IncomingDataType",
      "type": "string"
    },
    "Sex": {
      "description": "Sex\n\nunknown - If no gender information was provided for the associated data.\nmale",
      "enum": [
        "female",
        "male",
        "unknown"
      ],
      "title": "Sex",
      "type": "string"
    },
    "WeeklyIncomingData": {
      "description": "Iso-Week aggregated records broken down by geoRegion and sex/age brackets.",
      "properties": {
        "altersklasse_covid19": {
          "$ref": "https://covid19.admin.ch#/definitions/IncomingAgeRange",
          "title": "altersklasse_covid19"
        },
        "datum": {
          "description": "Date of case for cases, date of hospital entry for hospitalisations and the date of death for deaths.\nThe date of case is constructed taking the earliest available of:\nthe date of swab, the date of test, and the date the report arrived at the FOPH.\nGenerally, the date of case corresponds to the date the swab was taken.\n\nFormatted as ISO-Week number 202009",
          "title": "datum",
          "type": "number"
        },
        "datum_dboardformated": {
          "description": "Datum formatted as ISO-Week string \"2020-09\"",
          "title": "datum_dboardformated",
          "type": "string"
        },
        "datum_unit": {
          "enum": [
            "isoweek"
          ],
          "title": "datum_unit",
          "type": "string"
        },
        "entries": {
          "description": "Absolute number of occurrences for this iso-week.",
          "title": "entries",
          "type": "number"
        },
        "freq": {
          "description": "Percentage of the current sex/age bracket in comparison to all brackets.",
          "maximum": 1,
          "minimum": 0,
          "title": "freq",
          "type": "number"
        },
        "geoRegion": {
          "$ref": "https://covid19.admin.ch#/definitions/GeoUnit",
          "title": "geoRegion"
        },
        "inz_entries": {
          "description": "Incidence value for this iso-week.",
          "title": "inz_entries",
          "type": "number"
        },
        "inzsumTotal": {
          "description": "Sum of the \"inz_entries\" values since the start of data recording.",
          "title": "inzsumTotal",
          "type": "number"
        },
        "pop": {
          "description": "Population number for the current record (geoRegion and sex/age bracket).",
          "title": "pop",
          "type": "number"
        },
        "prct": {
          "description": "Percentage of the current sex/age bracket in comparison to all brackets.",
          "maximum": 100,
          "minimum": 0,
          "title": "prct",
          "type": "number"
        },
        "sex": {
          "$ref": "https://covid19.admin.ch#/definitions/Sex",
          "title": "sex"
        },
        "sumTotal": {
          "description": "Sum of the \"entries\" values since the start of data recording.",
          "title": "sumTotal",
          "type": "number"
        },
        "timeframe_14d": {
          "description": "Indicator if the record belongs to the latest 14 days timeframe. Current day is usually excluded.",
          "title": "timeframe_14d",
          "type": "boolean"
        },
        "timeframe_28d": {
          "description": "Indicator if the record belongs to the latest 28 days timeframe. Current day is usually excluded.",
          "title": "timeframe_28d",
          "type": "boolean"
        },
        "timeframe_7d": {
          "description": "Indicator if the record belongs to the latest 7 days timeframe. Current day is usually excluded.",
          "title": "timeframe_7d",
          "type": "boolean"
        },
        "timeframe_all": {
          "description": "Indicator if the record belongs to the timeframe for all available data. Starts at 24.02.2020 (Iso-Week 2020-09)",
          "title": "timeframe_all",
          "type": "boolean"
        },
        "timeframe_phase2": {
          "description": "Indicator if the record belongs to the phase 2 timeframe. Starts at 08.06.2020 (Iso-Week 2020-24)",
          "title": "timeframe_phase2",
          "type": "boolean"
        },
        "type": {
          "$ref": "https://covid19.admin.ch#/definitions/IncomingDataType",
          "title": "type"
        },
        "type_variant": {
          "description": "Indicator for which extra dimension/bracket the data has been broken down for in addition to geoRegion.\n\nsex = breakdown by sex\naltersklasse_covid19 = breakdown by age",
          "enum": [
            "altersklasse_covid19",
            "sex"
          ],
          "title": "type_variant",
          "type": "string"
        },
        "version": {
          "description": "Timestamp of data processing.\n\nformat YYYY-MM-DD_HH-mm-SS",
          "title": "version",
          "type": "string"
        }
      },
      "title": "WeeklyIncomingData",
      "type": "object"
    }
  }
}
