"type","type_variant","content.de","content.fr","content.it","content.rm","content.en","version"
"COVID19EvalTextDaily","situation_tagesbericht","","","","","","2020-11-06_08-13-34"
"COVID19EvalTextDaily","situation_cases","","","","","","2020-11-06_08-13-34"
"COVID19EvalTextDaily","situation_hosp","","","","","","2020-11-06_08-13-34"
"COVID19EvalTextDaily","situation_deaths","","","","","","2020-11-06_08-13-34"
"COVID19EvalTextDaily","situation_tests","","","","","","2020-11-06_08-13-34"
"COVID19EvalTextDaily","situation_demographie","","","","","","2020-11-06_08-13-34"